<?xml version="1.0" encoding="UTF-8"?>
<export version="E">
  <design>
    <source>C:\Users\top5m\Desktop\PCB Proyecto\Proyect\Proyect.kicad_sch</source>
    <date>22/4/2024 14:25:29</date>
    <tool>Eeschema 7.0.2</tool>
    <sheet number="1" name="/" tstamps="/">
      <title_block>
        <title/>
        <company/>
        <rev/>
        <date/>
        <source>Proyect.kicad_sch</source>
        <comment number="1" value=""/>
        <comment number="2" value=""/>
        <comment number="3" value=""/>
        <comment number="4" value=""/>
        <comment number="5" value=""/>
        <comment number="6" value=""/>
        <comment number="7" value=""/>
        <comment number="8" value=""/>
        <comment number="9" value=""/>
      </title_block>
    </sheet>
  </design>
  <components>
    <comp ref="C1">
      <value>0.33uf</value>
      <footprint>EESTN5:CAP_0.1</footprint>
      <libsource lib="Device" part="C" description="Unpolarized capacitor"/>
      <property name="Sheetname" value=""/>
      <property name="Sheetfile" value="Proyect.kicad_sch"/>
      <property name="ki_description" value="Unpolarized capacitor"/>
      <property name="ki_keywords" value="cap capacitor"/>
      <sheetpath names="/" tstamps="/"/>
      <tstamps>a6347786-556c-40b7-b7fe-4e602fd7c481</tstamps>
    </comp>
    <comp ref="C2">
      <value>0.1uf</value>
      <footprint>EESTN5:CAP_0.1</footprint>
      <libsource lib="Device" part="C" description="Unpolarized capacitor"/>
      <property name="Sheetname" value=""/>
      <property name="Sheetfile" value="Proyect.kicad_sch"/>
      <property name="ki_description" value="Unpolarized capacitor"/>
      <property name="ki_keywords" value="cap capacitor"/>
      <sheetpath names="/" tstamps="/"/>
      <tstamps>e674f4d1-06c0-478c-8e58-cea0b4717dc5</tstamps>
    </comp>
    <comp ref="D1">
      <value>LED</value>
      <footprint>LED_THT:LED_D5.0mm</footprint>
      <libsource lib="Device" part="LED" description="Light emitting diode"/>
      <property name="Sheetname" value=""/>
      <property name="Sheetfile" value="Proyect.kicad_sch"/>
      <property name="ki_description" value="Light emitting diode"/>
      <property name="ki_keywords" value="LED diode"/>
      <sheetpath names="/" tstamps="/"/>
      <tstamps>c8c6adfd-01d6-484a-ad6d-553530eca35a</tstamps>
    </comp>
    <comp ref="D2">
      <value>DIODE</value>
      <libsource lib="EESTN5" part="DIODE" description=""/>
      <property name="Sheetname" value=""/>
      <property name="Sheetfile" value="Proyect.kicad_sch"/>
      <sheetpath names="/" tstamps="/"/>
      <tstamps>171907da-f590-49fe-87a9-b5104b2e2960</tstamps>
    </comp>
    <comp ref="D3">
      <value>DIODE</value>
      <libsource lib="EESTN5" part="DIODE" description=""/>
      <property name="Sheetname" value=""/>
      <property name="Sheetfile" value="Proyect.kicad_sch"/>
      <sheetpath names="/" tstamps="/"/>
      <tstamps>54639634-81f5-4ff1-b6d5-ad0d6609561e</tstamps>
    </comp>
    <comp ref="J1">
      <value>Programador TTL</value>
      <footprint>Connector_PinSocket_2.00mm:PinSocket_1x06_P2.00mm_Vertical</footprint>
      <datasheet>https://components101.com/sites/default/files/component_datasheet/FT232RL-USB-TO-TTL-Converter-Datasheet.pdf</datasheet>
      <libsource lib="Connector" part="Conn_01x06_Socket" description="Generic connector, single row, 01x06, script generated"/>
      <property name="Sheetname" value=""/>
      <property name="Sheetfile" value="Proyect.kicad_sch"/>
      <property name="ki_description" value="Generic connector, single row, 01x06, script generated"/>
      <property name="ki_keywords" value="connector"/>
      <sheetpath names="/" tstamps="/"/>
      <tstamps>ec1e503d-0b61-4bed-8ba6-726b95d52278</tstamps>
    </comp>
    <comp ref="J2">
      <value>Fuente</value>
      <libsource lib="Connector" part="Conn_01x02_Socket" description="Generic connector, single row, 01x02, script generated"/>
      <property name="Sheetname" value=""/>
      <property name="Sheetfile" value="Proyect.kicad_sch"/>
      <property name="ki_description" value="Generic connector, single row, 01x02, script generated"/>
      <property name="ki_keywords" value="connector"/>
      <sheetpath names="/" tstamps="/"/>
      <tstamps>c632443e-3edf-43b8-964f-3f8c2cb6417e</tstamps>
    </comp>
    <comp ref="J3">
      <value>Motor</value>
      <libsource lib="Connector" part="Conn_01x02_Socket" description="Generic connector, single row, 01x02, script generated"/>
      <property name="Sheetname" value=""/>
      <property name="Sheetfile" value="Proyect.kicad_sch"/>
      <property name="ki_description" value="Generic connector, single row, 01x02, script generated"/>
      <property name="ki_keywords" value="connector"/>
      <sheetpath names="/" tstamps="/"/>
      <tstamps>0aa58a67-442f-4153-bfa7-3573b235263e</tstamps>
    </comp>
    <comp ref="J4">
      <value>Motor2</value>
      <libsource lib="Connector" part="Conn_01x02_Socket" description="Generic connector, single row, 01x02, script generated"/>
      <property name="Sheetname" value=""/>
      <property name="Sheetfile" value="Proyect.kicad_sch"/>
      <property name="ki_description" value="Generic connector, single row, 01x02, script generated"/>
      <property name="ki_keywords" value="connector"/>
      <sheetpath names="/" tstamps="/"/>
      <tstamps>28620e1d-f2b8-4b71-b153-60009c722c7f</tstamps>
    </comp>
    <comp ref="J5">
      <value>Motor3</value>
      <libsource lib="Connector" part="Conn_01x02_Socket" description="Generic connector, single row, 01x02, script generated"/>
      <property name="Sheetname" value=""/>
      <property name="Sheetfile" value="Proyect.kicad_sch"/>
      <property name="ki_description" value="Generic connector, single row, 01x02, script generated"/>
      <property name="ki_keywords" value="connector"/>
      <sheetpath names="/" tstamps="/"/>
      <tstamps>28b6297b-10db-498b-a68b-e9d293a51bb7</tstamps>
    </comp>
    <comp ref="J6">
      <value>Motor4</value>
      <libsource lib="Connector" part="Conn_01x02_Socket" description="Generic connector, single row, 01x02, script generated"/>
      <property name="Sheetname" value=""/>
      <property name="Sheetfile" value="Proyect.kicad_sch"/>
      <property name="ki_description" value="Generic connector, single row, 01x02, script generated"/>
      <property name="ki_keywords" value="connector"/>
      <sheetpath names="/" tstamps="/"/>
      <tstamps>c30dedf1-073e-4260-a2a8-da98ff67e9c3</tstamps>
    </comp>
    <comp ref="J7">
      <value>HC-SR04</value>
      <libsource lib="EESTN5" part="HC-SR04" description=""/>
      <property name="Sheetname" value=""/>
      <property name="Sheetfile" value="Proyect.kicad_sch"/>
      <sheetpath names="/" tstamps="/"/>
      <tstamps>73628c65-d5de-4400-988e-c9fbd8b3cd9d</tstamps>
    </comp>
    <comp ref="P1">
      <value>HEADER_02X05</value>
      <footprint>Connector_IDC:IDC-Header_2x05_P2.54mm_Vertical</footprint>
      <libsource lib="EESTN5" part="HEADER_02X05" description="Connector, double row, 02x05"/>
      <property name="Sheetname" value=""/>
      <property name="Sheetfile" value="Proyect.kicad_sch"/>
      <property name="ki_description" value="Connector, double row, 02x05"/>
      <property name="ki_keywords" value="connector"/>
      <sheetpath names="/" tstamps="/"/>
      <tstamps>d850d7a0-3402-47e7-b738-c7886ca39ad9</tstamps>
    </comp>
    <comp ref="P2">
      <value>HEADER_02X05</value>
      <footprint>Connector_IDC:IDC-Header_2x05_P2.54mm_Vertical</footprint>
      <libsource lib="EESTN5" part="HEADER_02X05" description="Connector, double row, 02x05"/>
      <property name="Sheetname" value=""/>
      <property name="Sheetfile" value="Proyect.kicad_sch"/>
      <property name="ki_description" value="Connector, double row, 02x05"/>
      <property name="ki_keywords" value="connector"/>
      <sheetpath names="/" tstamps="/"/>
      <tstamps>8e2c6930-ec0a-458d-b9ce-27dce9c142cd</tstamps>
    </comp>
    <comp ref="R1">
      <value>R</value>
      <footprint>Resistor_SMD:R_1206_3216Metric</footprint>
      <libsource lib="Device" part="R" description="Resistor"/>
      <property name="Sheetname" value=""/>
      <property name="Sheetfile" value="Proyect.kicad_sch"/>
      <property name="ki_description" value="Resistor"/>
      <property name="ki_keywords" value="R res resistor"/>
      <sheetpath names="/" tstamps="/"/>
      <tstamps>9a1102f6-8ef3-4a28-a244-0d7333d5175b</tstamps>
    </comp>
    <comp ref="SW1">
      <value>SW_PUSH</value>
      <footprint>EESTN5:PUSH_SWITCH_THT</footprint>
      <libsource lib="EESTN5" part="SW_PUSH" description=""/>
      <property name="Sheetname" value=""/>
      <property name="Sheetfile" value="Proyect.kicad_sch"/>
      <sheetpath names="/" tstamps="/"/>
      <tstamps>b4b27bb6-f7df-42fb-80cf-65d907572065</tstamps>
    </comp>
    <comp ref="U1">
      <value>ESP32-CAM</value>
      <footprint>EESTN5:ESP32S-CAM</footprint>
      <fields>
        <field name="DESCRIPTION">Modules PCBA Module RoHS</field>
        <field name="HEIGHT">5mm</field>
        <field name="MANUFACTURER_NAME">Ai-Thinker</field>
        <field name="MANUFACTURER_PART_NUMBER">ESP32-CAM</field>
      </fields>
      <libsource lib="ESP32-CAM1" part="ESP32-CAM" description=""/>
      <property name="MANUFACTURER_NAME" value="Ai-Thinker"/>
      <property name="MOUSER_PRICE-STOCK" value=""/>
      <property name="DESCRIPTION" value="Modules PCBA Module RoHS"/>
      <property name="MOUSER_PART_NUMBER" value=""/>
      <property name="HEIGHT" value="5mm"/>
      <property name="ARROW_PRICE-STOCK" value=""/>
      <property name="ARROW_PART_NUMBER" value=""/>
      <property name="MANUFACTURER_PART_NUMBER" value="ESP32-CAM"/>
      <property name="Sheetname" value=""/>
      <property name="Sheetfile" value="Proyect.kicad_sch"/>
      <sheetpath names="/" tstamps="/"/>
      <tstamps>b6354d14-9055-415e-8717-fe508b92eada</tstamps>
    </comp>
    <comp ref="U2">
      <value>ESP32-DEVKIT-V1</value>
      <footprint>ESP32-DEVKIT-V1:MODULE_ESP32_DEVKIT_V1</footprint>
      <fields>
        <field name="Availability">Not in stock</field>
        <field name="Check_prices">https://www.snapeda.com/parts/ESP32-DEVKIT-V1/Do+it/view-part/?ref=eda</field>
        <field name="Description">
Dual core, Wi-Fi: 2.4 GHz up to 150 Mbits/s,BLE (Bluetooth Low Energy) and legacy Bluetooth, 32 bits, Up to 240 MHz
</field>
        <field name="MANUFACTURER">DOIT</field>
        <field name="MAXIMUM_PACKAGE_HEIGHT">6.8 mm</field>
        <field name="MF">Do it</field>
        <field name="MP">ESP32-DEVKIT-V1</field>
        <field name="PARTREV">N/A</field>
        <field name="Package">None</field>
        <field name="Price">None</field>
        <field name="STANDARD">Manufacturer Recommendations</field>
        <field name="SnapEDA_Link">https://www.snapeda.com/parts/ESP32-DEVKIT-V1/Do+it/view-part/?ref=snap</field>
      </fields>
      <libsource lib="ESP32-DEVKITC-32D" part="ESP32-DEVKIT-V1" description=""/>
      <property name="MF" value="Do it"/>
      <property name="MAXIMUM_PACKAGE_HEIGHT" value="6.8 mm"/>
      <property name="Package" value="None"/>
      <property name="Price" value="None"/>
      <property name="Check_prices" value="https://www.snapeda.com/parts/ESP32-DEVKIT-V1/Do+it/view-part/?ref=eda"/>
      <property name="STANDARD" value="Manufacturer Recommendations"/>
      <property name="PARTREV" value="N/A"/>
      <property name="SnapEDA_Link" value="https://www.snapeda.com/parts/ESP32-DEVKIT-V1/Do+it/view-part/?ref=snap"/>
      <property name="MP" value="ESP32-DEVKIT-V1"/>
      <property name="Description" value="&#xA;Dual core, Wi-Fi: 2.4 GHz up to 150 Mbits/s,BLE (Bluetooth Low Energy) and legacy Bluetooth, 32 bits, Up to 240 MHz&#xA;"/>
      <property name="Availability" value="Not in stock"/>
      <property name="MANUFACTURER" value="DOIT"/>
      <property name="Sheetname" value=""/>
      <property name="Sheetfile" value="Proyect.kicad_sch"/>
      <sheetpath names="/" tstamps="/"/>
      <tstamps>9f948951-847c-4059-8ca7-86b48c2e6e13</tstamps>
    </comp>
    <comp ref="U3">
      <value>L7805</value>
      <footprint>EESTN5:to220</footprint>
      <datasheet>http://www.st.com/content/ccc/resource/technical/document/datasheet/41/4f/b3/b0/12/d4/47/88/CD00000444.pdf/files/CD00000444.pdf/jcr:content/translations/en.CD00000444.pdf</datasheet>
      <libsource lib="Regulator_Linear" part="L7805" description="Positive 1.5A 35V Linear Regulator, Fixed Output 5V, TO-220/TO-263/TO-252"/>
      <property name="Sheetname" value=""/>
      <property name="Sheetfile" value="Proyect.kicad_sch"/>
      <property name="ki_description" value="Positive 1.5A 35V Linear Regulator, Fixed Output 5V, TO-220/TO-263/TO-252"/>
      <property name="ki_keywords" value="Voltage Regulator 1.5A Positive"/>
      <sheetpath names="/" tstamps="/"/>
      <tstamps>a850559b-ebe9-4b7c-af81-d2de4fcd762d</tstamps>
    </comp>
    <comp ref="U4">
      <value>L298N</value>
      <footprint>Package_TO_SOT_THT:TO-220-15_P2.54x2.54mm_StaggerOdd_Lead4.58mm_Vertical</footprint>
      <datasheet>http://www.st.com/st-web-ui/static/active/en/resource/technical/document/datasheet/CD00000240.pdf</datasheet>
      <libsource lib="Driver_Motor" part="L298N" description="Dual full bridge motor driver, up to 46V, 4A, Multiwatt15-V"/>
      <property name="Sheetname" value=""/>
      <property name="Sheetfile" value="Proyect.kicad_sch"/>
      <property name="ki_description" value="Dual full bridge motor driver, up to 46V, 4A, Multiwatt15-V"/>
      <property name="ki_keywords" value="H-bridge motor driver"/>
      <sheetpath names="/" tstamps="/"/>
      <tstamps>87c5dc75-738f-4cd8-b3b5-a3bc188920b8</tstamps>
    </comp>
    <comp ref="U5">
      <value>L298N</value>
      <footprint>EESTN5:BORNERA3_AZUL</footprint>
      <datasheet>http://www.st.com/st-web-ui/static/active/en/resource/technical/document/datasheet/CD00000240.pdf</datasheet>
      <libsource lib="Driver_Motor" part="L298N" description="Dual full bridge motor driver, up to 46V, 4A, Multiwatt15-V"/>
      <property name="Sheetname" value=""/>
      <property name="Sheetfile" value="Proyect.kicad_sch"/>
      <property name="ki_description" value="Dual full bridge motor driver, up to 46V, 4A, Multiwatt15-V"/>
      <property name="ki_keywords" value="H-bridge motor driver"/>
      <sheetpath names="/" tstamps="/"/>
      <tstamps>12f6b899-341b-49c4-b802-5e9d0e8b0160</tstamps>
    </comp>
  </components>
  <libparts>
    <libpart lib="Connector" part="Conn_01x02_Socket">
      <description>Generic connector, single row, 01x02, script generated</description>
      <docs>~</docs>
      <footprints>
        <fp>Connector*:*_1x??_*</fp>
      </footprints>
      <fields>
        <field name="Reference">J</field>
        <field name="Value">Conn_01x02_Socket</field>
        <field name="Datasheet">~</field>
      </fields>
      <pins>
        <pin num="1" name="Pin_1" type="passive"/>
        <pin num="2" name="Pin_2" type="passive"/>
      </pins>
    </libpart>
    <libpart lib="Connector" part="Conn_01x06_Socket">
      <description>Generic connector, single row, 01x06, script generated</description>
      <docs>~</docs>
      <footprints>
        <fp>Connector*:*_1x??_*</fp>
      </footprints>
      <fields>
        <field name="Reference">J</field>
        <field name="Value">Conn_01x06_Socket</field>
        <field name="Datasheet">~</field>
      </fields>
      <pins>
        <pin num="1" name="Pin_1" type="passive"/>
        <pin num="2" name="Pin_2" type="passive"/>
        <pin num="3" name="Pin_3" type="passive"/>
        <pin num="4" name="Pin_4" type="passive"/>
        <pin num="5" name="Pin_5" type="passive"/>
        <pin num="6" name="Pin_6" type="passive"/>
      </pins>
    </libpart>
    <libpart lib="Device" part="C">
      <description>Unpolarized capacitor</description>
      <docs>~</docs>
      <footprints>
        <fp>C_*</fp>
      </footprints>
      <fields>
        <field name="Reference">C</field>
        <field name="Value">C</field>
        <field name="Datasheet">~</field>
      </fields>
      <pins>
        <pin num="1" name="" type="passive"/>
        <pin num="2" name="" type="passive"/>
      </pins>
    </libpart>
    <libpart lib="Device" part="LED">
      <description>Light emitting diode</description>
      <docs>~</docs>
      <footprints>
        <fp>LED*</fp>
        <fp>LED_SMD:*</fp>
        <fp>LED_THT:*</fp>
      </footprints>
      <fields>
        <field name="Reference">D</field>
        <field name="Value">LED</field>
        <field name="Datasheet">~</field>
      </fields>
      <pins>
        <pin num="1" name="K" type="passive"/>
        <pin num="2" name="A" type="passive"/>
      </pins>
    </libpart>
    <libpart lib="Device" part="R">
      <description>Resistor</description>
      <docs>~</docs>
      <footprints>
        <fp>R_*</fp>
      </footprints>
      <fields>
        <field name="Reference">R</field>
        <field name="Value">R</field>
        <field name="Datasheet">~</field>
      </fields>
      <pins>
        <pin num="1" name="" type="passive"/>
        <pin num="2" name="" type="passive"/>
      </pins>
    </libpart>
    <libpart lib="Driver_Motor" part="L298N">
      <description>Dual full bridge motor driver, up to 46V, 4A, Multiwatt15-V</description>
      <docs>http://www.st.com/st-web-ui/static/active/en/resource/technical/document/datasheet/CD00000240.pdf</docs>
      <footprints>
        <fp>TO?220*StaggerOdd*Vertical*</fp>
      </footprints>
      <fields>
        <field name="Reference">U</field>
        <field name="Value">L298N</field>
        <field name="Footprint">Package_TO_SOT_THT:TO-220-15_P2.54x2.54mm_StaggerOdd_Lead4.58mm_Vertical</field>
        <field name="Datasheet">http://www.st.com/st-web-ui/static/active/en/resource/technical/document/datasheet/CD00000240.pdf</field>
      </fields>
      <pins>
        <pin num="1" name="SENSE_A" type="power_in"/>
        <pin num="2" name="OUT1" type="output"/>
        <pin num="3" name="OUT2" type="output"/>
        <pin num="4" name="Vs" type="power_in"/>
        <pin num="5" name="IN1" type="input"/>
        <pin num="6" name="EnA" type="input"/>
        <pin num="7" name="IN2" type="input"/>
        <pin num="8" name="GND" type="power_in"/>
        <pin num="9" name="Vss" type="power_in"/>
        <pin num="10" name="IN3" type="input"/>
        <pin num="11" name="EnB" type="input"/>
        <pin num="12" name="IN4" type="input"/>
        <pin num="13" name="OUT3" type="output"/>
        <pin num="14" name="OUT4" type="output"/>
        <pin num="15" name="SENSE_B" type="power_in"/>
      </pins>
    </libpart>
    <libpart lib="EESTN5" part="DIODE">
      <footprints>
        <fp>D*</fp>
        <fp>S*</fp>
      </footprints>
      <fields>
        <field name="Reference">D</field>
        <field name="Value">DIODE</field>
      </fields>
      <pins>
        <pin num="1" name="A" type="passive"/>
        <pin num="2" name="K" type="passive"/>
      </pins>
    </libpart>
    <libpart lib="EESTN5" part="HC-SR04">
      <footprints>
        <fp>SIL*</fp>
        <fp>HEADER*</fp>
        <fp>JST-4*</fp>
        <fp>PIN*</fp>
      </footprints>
      <fields>
        <field name="Reference">J</field>
        <field name="Value">HC-SR04</field>
      </fields>
      <pins>
        <pin num="1" name="" type="power_in"/>
        <pin num="2" name="" type="passive"/>
        <pin num="3" name="" type="passive"/>
        <pin num="4" name="" type="power_in"/>
      </pins>
    </libpart>
    <libpart lib="EESTN5" part="HEADER_02X05">
      <description>Connector, double row, 02x05</description>
      <footprints>
        <fp>Pin_Header_Straight_2X05</fp>
        <fp>Pin_Header_Angled_2X05</fp>
        <fp>Socket_Strip_Straight_2X05</fp>
        <fp>Socket_Strip_Angled_2X05</fp>
        <fp>Header*</fp>
      </footprints>
      <fields>
        <field name="Reference">P</field>
        <field name="Value">HEADER_02X05</field>
      </fields>
      <pins>
        <pin num="1" name="P1" type="passive"/>
        <pin num="2" name="P2" type="passive"/>
        <pin num="3" name="P3" type="passive"/>
        <pin num="4" name="P4" type="passive"/>
        <pin num="5" name="P5" type="passive"/>
        <pin num="6" name="P6" type="passive"/>
        <pin num="7" name="P7" type="passive"/>
        <pin num="8" name="P8" type="passive"/>
        <pin num="9" name="P9" type="passive"/>
        <pin num="10" name="P10" type="passive"/>
      </pins>
    </libpart>
    <libpart lib="EESTN5" part="SW_PUSH">
      <fields>
        <field name="Reference">SW</field>
        <field name="Value">SW_PUSH</field>
      </fields>
      <pins>
        <pin num="1" name="1" type="passive"/>
        <pin num="2" name="2" type="input"/>
        <pin num="3" name="3" type="passive"/>
        <pin num="4" name="4" type="input"/>
      </pins>
    </libpart>
    <libpart lib="ESP32-CAM1" part="ESP32-CAM">
      <fields>
        <field name="Reference">U</field>
        <field name="Value">ESP32-CAM</field>
        <field name="Footprint">ESP32-CAM</field>
        <field name="MANUFACTURER_NAME">Ai-Thinker</field>
        <field name="DESCRIPTION">Modules PCBA Module RoHS</field>
        <field name="HEIGHT">5mm</field>
        <field name="MANUFACTURER_PART_NUMBER">ESP32-CAM</field>
      </fields>
      <pins>
        <pin num="1" name="IO4" type="bidirectional"/>
        <pin num="2" name="IO2" type="bidirectional"/>
        <pin num="3" name="IO14" type="bidirectional"/>
        <pin num="4" name="IO15" type="bidirectional"/>
        <pin num="5" name="IO13" type="bidirectional"/>
        <pin num="6" name="IO12" type="bidirectional"/>
        <pin num="7" name="GND_1" type="bidirectional"/>
        <pin num="8" name="5V" type="bidirectional"/>
        <pin num="9" name="3V3" type="bidirectional"/>
        <pin num="10" name="IO16" type="bidirectional"/>
        <pin num="11" name="IO0" type="bidirectional"/>
        <pin num="12" name="GND_2" type="bidirectional"/>
        <pin num="13" name="VCC" type="bidirectional"/>
        <pin num="14" name="U0R" type="bidirectional"/>
        <pin num="15" name="U0T" type="bidirectional"/>
        <pin num="16" name="GND_3" type="bidirectional"/>
      </pins>
    </libpart>
    <libpart lib="ESP32-DEVKITC-32D" part="ESP32-DEVKIT-V1">
      <fields>
        <field name="Reference">U</field>
        <field name="Value">ESP32-DEVKIT-V1</field>
        <field name="Footprint">ESP32-DEVKIT-V1:MODULE_ESP32_DEVKIT_V1</field>
        <field name="MF">Do it</field>
        <field name="MAXIMUM_PACKAGE_HEIGHT">6.8 mm</field>
        <field name="Package">None</field>
        <field name="Price">None</field>
        <field name="Check_prices">https://www.snapeda.com/parts/ESP32-DEVKIT-V1/Do+it/view-part/?ref=eda</field>
        <field name="STANDARD">Manufacturer Recommendations</field>
        <field name="PARTREV">N/A</field>
        <field name="SnapEDA_Link">https://www.snapeda.com/parts/ESP32-DEVKIT-V1/Do+it/view-part/?ref=snap</field>
        <field name="MP">ESP32-DEVKIT-V1</field>
        <field name="Description">
Dual core, Wi-Fi: 2.4 GHz up to 150 Mbits/s,BLE (Bluetooth Low Energy) and legacy Bluetooth, 32 bits, Up to 240 MHz
</field>
        <field name="Availability">Not in stock</field>
        <field name="MANUFACTURER">DOIT</field>
      </fields>
      <pins>
        <pin num="1" name="3V3" type="output"/>
        <pin num="2" name="GND" type="power_in"/>
        <pin num="3" name="D15" type="bidirectional"/>
        <pin num="4" name="D2" type="bidirectional"/>
        <pin num="5" name="D4" type="bidirectional"/>
        <pin num="6" name="RX2" type="input"/>
        <pin num="7" name="TX2" type="output"/>
        <pin num="8" name="D5" type="bidirectional"/>
        <pin num="9" name="D18" type="bidirectional"/>
        <pin num="10" name="D19" type="bidirectional"/>
        <pin num="11" name="D21" type="bidirectional"/>
        <pin num="12" name="RX0" type="input"/>
        <pin num="13" name="TX0" type="output"/>
        <pin num="14" name="D22" type="bidirectional"/>
        <pin num="15" name="D23" type="bidirectional"/>
        <pin num="16" name="EN" type="input"/>
        <pin num="17" name="VP" type="bidirectional"/>
        <pin num="18" name="VN" type="bidirectional"/>
        <pin num="19" name="D34" type="bidirectional"/>
        <pin num="20" name="D35" type="bidirectional"/>
        <pin num="21" name="D32" type="bidirectional"/>
        <pin num="22" name="D33" type="bidirectional"/>
        <pin num="23" name="D25" type="bidirectional"/>
        <pin num="24" name="D26" type="bidirectional"/>
        <pin num="25" name="D27" type="bidirectional"/>
        <pin num="26" name="D14" type="bidirectional"/>
        <pin num="27" name="D12" type="bidirectional"/>
        <pin num="28" name="D13" type="bidirectional"/>
        <pin num="29" name="GND" type="power_in"/>
        <pin num="30" name="VIN" type="input"/>
      </pins>
    </libpart>
    <libpart lib="Regulator_Linear" part="L7805">
      <description>Positive 1.5A 35V Linear Regulator, Fixed Output 5V, TO-220/TO-263/TO-252</description>
      <docs>http://www.st.com/content/ccc/resource/technical/document/datasheet/41/4f/b3/b0/12/d4/47/88/CD00000444.pdf/files/CD00000444.pdf/jcr:content/translations/en.CD00000444.pdf</docs>
      <footprints>
        <fp>TO?252*</fp>
        <fp>TO?263*</fp>
        <fp>TO?220*</fp>
      </footprints>
      <fields>
        <field name="Reference">U</field>
        <field name="Value">L7805</field>
        <field name="Datasheet">http://www.st.com/content/ccc/resource/technical/document/datasheet/41/4f/b3/b0/12/d4/47/88/CD00000444.pdf/files/CD00000444.pdf/jcr:content/translations/en.CD00000444.pdf</field>
      </fields>
      <pins>
        <pin num="1" name="IN" type="power_in"/>
        <pin num="2" name="GND" type="power_in"/>
        <pin num="3" name="OUT" type="power_out"/>
      </pins>
    </libpart>
  </libparts>
  <libraries>
    <library logical="Connector">
      <uri>C:\Program Files\KiCad\7.0\share\kicad\symbols\/Connector.kicad_sym</uri>
    </library>
    <library logical="Device">
      <uri>C:\Program Files\KiCad\7.0\share\kicad\symbols\/Device.kicad_sym</uri>
    </library>
    <library logical="Driver_Motor">
      <uri>C:\Program Files\KiCad\7.0\share\kicad\symbols\/Driver_Motor.kicad_sym</uri>
    </library>
    <library logical="EESTN5">
      <uri>C:/Users/top5m/Documents/KiCad/Carpetas/Librerias-Kicad-master/Librerias-Kicad-master/EESTN5.kicad_sym</uri>
    </library>
    <library logical="ESP32-DEVKITC-32D">
      <uri>C:/Users/top5m/Documents/KiCad/Carpetas/ESP32-DEVKITC-32D/ESP32-DEVKITC-32D.kicad_sym</uri>
    </library>
    <library logical="Regulator_Linear">
      <uri>C:\Program Files\KiCad\7.0\share\kicad\symbols\/Regulator_Linear.kicad_sym</uri>
    </library>
  </libraries>
  <nets>
    <net code="1" name="Earth">
      <node ref="C1" pin="2" pintype="passive"/>
      <node ref="C2" pin="2" pintype="passive"/>
      <node ref="D1" pin="1" pinfunction="K" pintype="passive"/>
      <node ref="J2" pin="1" pinfunction="Pin_1" pintype="passive"/>
      <node ref="J7" pin="4" pintype="power_in"/>
      <node ref="P2" pin="1" pinfunction="P1" pintype="passive"/>
      <node ref="U2" pin="2" pinfunction="GND" pintype="power_in"/>
      <node ref="U2" pin="29" pinfunction="GND" pintype="power_in"/>
      <node ref="U3" pin="2" pinfunction="GND" pintype="power_in"/>
      <node ref="U4" pin="8" pinfunction="GND" pintype="power_in"/>
      <node ref="U5" pin="8" pinfunction="GND" pintype="power_in"/>
    </net>
    <net code="2" name="GPIO4">
      <node ref="U2" pin="5" pinfunction="D4" pintype="bidirectional"/>
      <node ref="U5" pin="7" pinfunction="IN2" pintype="input"/>
    </net>
    <net code="3" name="GPIO5">
      <node ref="U2" pin="8" pinfunction="D5" pintype="bidirectional"/>
      <node ref="U5" pin="10" pinfunction="IN3" pintype="input"/>
    </net>
    <net code="4" name="GPIO12">
      <node ref="U2" pin="27" pinfunction="D12" pintype="bidirectional"/>
      <node ref="U4" pin="7" pinfunction="IN2" pintype="input"/>
    </net>
    <net code="5" name="GPIO13">
      <node ref="U2" pin="28" pinfunction="D13" pintype="bidirectional"/>
      <node ref="U4" pin="5" pinfunction="IN1" pintype="input"/>
    </net>
    <net code="6" name="GPIO14">
      <node ref="U2" pin="26" pinfunction="D14" pintype="bidirectional"/>
      <node ref="U4" pin="10" pinfunction="IN3" pintype="input"/>
    </net>
    <net code="7" name="GPIO15">
      <node ref="U2" pin="3" pinfunction="D15" pintype="bidirectional"/>
      <node ref="U5" pin="5" pinfunction="IN1" pintype="input"/>
    </net>
    <net code="8" name="GPIO18">
      <node ref="U2" pin="9" pinfunction="D18" pintype="bidirectional"/>
      <node ref="U5" pin="12" pinfunction="IN4" pintype="input"/>
    </net>
    <net code="9" name="GPIO27">
      <node ref="U2" pin="25" pinfunction="D27" pintype="bidirectional"/>
      <node ref="U4" pin="12" pinfunction="IN4" pintype="input"/>
    </net>
    <net code="10" name="Net-(D1-A)">
      <node ref="D1" pin="2" pinfunction="A" pintype="passive"/>
      <node ref="R1" pin="2" pintype="passive"/>
    </net>
    <net code="11" name="Net-(D2-A)">
      <node ref="C2" pin="1" pintype="passive"/>
      <node ref="D2" pin="1" pinfunction="A" pintype="passive"/>
      <node ref="J7" pin="1" pintype="power_in"/>
      <node ref="R1" pin="1" pintype="passive"/>
      <node ref="U2" pin="30" pinfunction="VIN" pintype="input"/>
      <node ref="U3" pin="3" pinfunction="OUT" pintype="power_out"/>
      <node ref="U4" pin="9" pinfunction="Vss" pintype="power_in"/>
      <node ref="U5" pin="9" pinfunction="Vss" pintype="power_in"/>
    </net>
    <net code="12" name="Net-(D2-K)">
      <node ref="D2" pin="2" pinfunction="K" pintype="passive"/>
      <node ref="D3" pin="2" pinfunction="K" pintype="passive"/>
      <node ref="P2" pin="2" pinfunction="P2" pintype="passive"/>
    </net>
    <net code="13" name="Net-(D3-A)">
      <node ref="D3" pin="1" pinfunction="A" pintype="passive"/>
      <node ref="J1" pin="3" pinfunction="Pin_3" pintype="passive"/>
    </net>
    <net code="14" name="Net-(J1-Pin_1)">
      <node ref="J1" pin="1" pinfunction="Pin_1" pintype="passive"/>
      <node ref="P2" pin="6" pinfunction="P6" pintype="passive"/>
      <node ref="SW1" pin="3" pinfunction="3" pintype="passive"/>
    </net>
    <net code="15" name="Net-(J1-Pin_4)">
      <node ref="J1" pin="4" pinfunction="Pin_4" pintype="passive"/>
      <node ref="P2" pin="8" pinfunction="P8" pintype="passive"/>
    </net>
    <net code="16" name="Net-(J1-Pin_5)">
      <node ref="J1" pin="5" pinfunction="Pin_5" pintype="passive"/>
      <node ref="P2" pin="10" pinfunction="P10" pintype="passive"/>
    </net>
    <net code="17" name="Net-(J2-Pin_2)">
      <node ref="C1" pin="1" pintype="passive"/>
      <node ref="J2" pin="2" pinfunction="Pin_2" pintype="passive"/>
      <node ref="U3" pin="1" pinfunction="IN" pintype="power_in"/>
    </net>
    <net code="18" name="Net-(J3-Pin_1)">
      <node ref="J3" pin="1" pinfunction="Pin_1" pintype="passive"/>
      <node ref="U5" pin="2" pinfunction="OUT1" pintype="output"/>
    </net>
    <net code="19" name="Net-(J3-Pin_2)">
      <node ref="J3" pin="2" pinfunction="Pin_2" pintype="passive"/>
      <node ref="U5" pin="3" pinfunction="OUT2" pintype="output"/>
    </net>
    <net code="20" name="Net-(J4-Pin_1)">
      <node ref="J4" pin="1" pinfunction="Pin_1" pintype="passive"/>
      <node ref="U5" pin="13" pinfunction="OUT3" pintype="output"/>
    </net>
    <net code="21" name="Net-(J4-Pin_2)">
      <node ref="J4" pin="2" pinfunction="Pin_2" pintype="passive"/>
      <node ref="U5" pin="14" pinfunction="OUT4" pintype="output"/>
    </net>
    <net code="22" name="Net-(J5-Pin_1)">
      <node ref="J5" pin="1" pinfunction="Pin_1" pintype="passive"/>
      <node ref="U4" pin="2" pinfunction="OUT1" pintype="output"/>
    </net>
    <net code="23" name="Net-(J5-Pin_2)">
      <node ref="J5" pin="2" pinfunction="Pin_2" pintype="passive"/>
      <node ref="U4" pin="3" pinfunction="OUT2" pintype="output"/>
    </net>
    <net code="24" name="Net-(J6-Pin_1)">
      <node ref="J6" pin="1" pinfunction="Pin_1" pintype="passive"/>
      <node ref="U4" pin="13" pinfunction="OUT3" pintype="output"/>
    </net>
    <net code="25" name="Net-(J6-Pin_2)">
      <node ref="J6" pin="2" pinfunction="Pin_2" pintype="passive"/>
      <node ref="U4" pin="14" pinfunction="OUT4" pintype="output"/>
    </net>
    <net code="26" name="Net-(P1-P1)">
      <node ref="P1" pin="1" pinfunction="P1" pintype="passive"/>
      <node ref="U1" pin="7" pinfunction="GND_1" pintype="bidirectional"/>
    </net>
    <net code="27" name="Net-(P1-P2)">
      <node ref="P1" pin="2" pinfunction="P2" pintype="passive"/>
      <node ref="U1" pin="8" pinfunction="5V" pintype="bidirectional"/>
    </net>
    <net code="28" name="Net-(P1-P4)">
      <node ref="P1" pin="4" pinfunction="P4" pintype="passive"/>
      <node ref="U1" pin="11" pinfunction="IO0" pintype="bidirectional"/>
    </net>
    <net code="29" name="Net-(P1-P6)">
      <node ref="P1" pin="6" pinfunction="P6" pintype="passive"/>
      <node ref="U1" pin="12" pinfunction="GND_2" pintype="bidirectional"/>
    </net>
    <net code="30" name="Net-(P1-P8)">
      <node ref="P1" pin="8" pinfunction="P8" pintype="passive"/>
      <node ref="U1" pin="14" pinfunction="U0R" pintype="bidirectional"/>
    </net>
    <net code="31" name="Net-(P1-P10)">
      <node ref="P1" pin="10" pinfunction="P10" pintype="passive"/>
      <node ref="U1" pin="15" pinfunction="U0T" pintype="bidirectional"/>
    </net>
    <net code="32" name="Net-(P2-P4)">
      <node ref="P2" pin="4" pinfunction="P4" pintype="passive"/>
      <node ref="SW1" pin="1" pinfunction="1" pintype="passive"/>
    </net>
    <net code="33" name="Net-(U2-D19)">
      <node ref="J7" pin="2" pintype="passive"/>
      <node ref="U2" pin="10" pinfunction="D19" pintype="bidirectional"/>
    </net>
    <net code="34" name="Net-(U2-D21)">
      <node ref="J7" pin="3" pintype="passive"/>
      <node ref="U2" pin="11" pinfunction="D21" pintype="bidirectional"/>
    </net>
    <net code="35" name="unconnected-(J1-Pin_2-Pad2)">
      <node ref="J1" pin="2" pinfunction="Pin_2" pintype="passive+no_connect"/>
    </net>
    <net code="36" name="unconnected-(J1-Pin_6-Pad6)">
      <node ref="J1" pin="6" pinfunction="Pin_6" pintype="passive+no_connect"/>
    </net>
    <net code="37" name="unconnected-(P1-P3-Pad3)">
      <node ref="P1" pin="3" pinfunction="P3" pintype="passive+no_connect"/>
    </net>
    <net code="38" name="unconnected-(P1-P5-Pad5)">
      <node ref="P1" pin="5" pinfunction="P5" pintype="passive+no_connect"/>
    </net>
    <net code="39" name="unconnected-(P1-P7-Pad7)">
      <node ref="P1" pin="7" pinfunction="P7" pintype="passive+no_connect"/>
    </net>
    <net code="40" name="unconnected-(P1-P9-Pad9)">
      <node ref="P1" pin="9" pinfunction="P9" pintype="passive+no_connect"/>
    </net>
    <net code="41" name="unconnected-(P2-P3-Pad3)">
      <node ref="P2" pin="3" pinfunction="P3" pintype="passive+no_connect"/>
    </net>
    <net code="42" name="unconnected-(P2-P5-Pad5)">
      <node ref="P2" pin="5" pinfunction="P5" pintype="passive+no_connect"/>
    </net>
    <net code="43" name="unconnected-(P2-P7-Pad7)">
      <node ref="P2" pin="7" pinfunction="P7" pintype="passive+no_connect"/>
    </net>
    <net code="44" name="unconnected-(P2-P9-Pad9)">
      <node ref="P2" pin="9" pinfunction="P9" pintype="passive+no_connect"/>
    </net>
    <net code="45" name="unconnected-(SW1-Pad2)">
      <node ref="SW1" pin="2" pinfunction="2" pintype="input+no_connect"/>
    </net>
    <net code="46" name="unconnected-(SW1-Pad4)">
      <node ref="SW1" pin="4" pinfunction="4" pintype="input+no_connect"/>
    </net>
    <net code="47" name="unconnected-(U1-3V3-Pad9)">
      <node ref="U1" pin="9" pinfunction="3V3" pintype="bidirectional+no_connect"/>
    </net>
    <net code="48" name="unconnected-(U1-GND_3-Pad16)">
      <node ref="U1" pin="16" pinfunction="GND_3" pintype="bidirectional+no_connect"/>
    </net>
    <net code="49" name="unconnected-(U1-IO2-Pad2)">
      <node ref="U1" pin="2" pinfunction="IO2" pintype="bidirectional+no_connect"/>
    </net>
    <net code="50" name="unconnected-(U1-IO4-Pad1)">
      <node ref="U1" pin="1" pinfunction="IO4" pintype="bidirectional+no_connect"/>
    </net>
    <net code="51" name="unconnected-(U1-IO12-Pad6)">
      <node ref="U1" pin="6" pinfunction="IO12" pintype="bidirectional+no_connect"/>
    </net>
    <net code="52" name="unconnected-(U1-IO13-Pad5)">
      <node ref="U1" pin="5" pinfunction="IO13" pintype="bidirectional"/>
    </net>
    <net code="53" name="unconnected-(U1-IO14-Pad3)">
      <node ref="U1" pin="3" pinfunction="IO14" pintype="bidirectional+no_connect"/>
    </net>
    <net code="54" name="unconnected-(U1-IO15-Pad4)">
      <node ref="U1" pin="4" pinfunction="IO15" pintype="bidirectional+no_connect"/>
    </net>
    <net code="55" name="unconnected-(U1-IO16-Pad10)">
      <node ref="U1" pin="10" pinfunction="IO16" pintype="bidirectional+no_connect"/>
    </net>
    <net code="56" name="unconnected-(U1-VCC-Pad13)">
      <node ref="U1" pin="13" pinfunction="VCC" pintype="bidirectional+no_connect"/>
    </net>
    <net code="57" name="unconnected-(U2-3V3-Pad1)">
      <node ref="U2" pin="1" pinfunction="3V3" pintype="output+no_connect"/>
    </net>
    <net code="58" name="unconnected-(U2-D2-Pad4)">
      <node ref="U2" pin="4" pinfunction="D2" pintype="bidirectional+no_connect"/>
    </net>
    <net code="59" name="unconnected-(U2-D22-Pad14)">
      <node ref="U2" pin="14" pinfunction="D22" pintype="bidirectional+no_connect"/>
    </net>
    <net code="60" name="unconnected-(U2-D23-Pad15)">
      <node ref="U2" pin="15" pinfunction="D23" pintype="bidirectional+no_connect"/>
    </net>
    <net code="61" name="unconnected-(U2-D25-Pad23)">
      <node ref="U2" pin="23" pinfunction="D25" pintype="bidirectional+no_connect"/>
    </net>
    <net code="62" name="unconnected-(U2-D26-Pad24)">
      <node ref="U2" pin="24" pinfunction="D26" pintype="bidirectional+no_connect"/>
    </net>
    <net code="63" name="unconnected-(U2-D32-Pad21)">
      <node ref="U2" pin="21" pinfunction="D32" pintype="bidirectional+no_connect"/>
    </net>
    <net code="64" name="unconnected-(U2-D33-Pad22)">
      <node ref="U2" pin="22" pinfunction="D33" pintype="bidirectional+no_connect"/>
    </net>
    <net code="65" name="unconnected-(U2-D34-Pad19)">
      <node ref="U2" pin="19" pinfunction="D34" pintype="bidirectional+no_connect"/>
    </net>
    <net code="66" name="unconnected-(U2-D35-Pad20)">
      <node ref="U2" pin="20" pinfunction="D35" pintype="bidirectional+no_connect"/>
    </net>
    <net code="67" name="unconnected-(U2-EN-Pad16)">
      <node ref="U2" pin="16" pinfunction="EN" pintype="input+no_connect"/>
    </net>
    <net code="68" name="unconnected-(U2-RX0-Pad12)">
      <node ref="U2" pin="12" pinfunction="RX0" pintype="input+no_connect"/>
    </net>
    <net code="69" name="unconnected-(U2-RX2-Pad6)">
      <node ref="U2" pin="6" pinfunction="RX2" pintype="input+no_connect"/>
    </net>
    <net code="70" name="unconnected-(U2-TX0-Pad13)">
      <node ref="U2" pin="13" pinfunction="TX0" pintype="output+no_connect"/>
    </net>
    <net code="71" name="unconnected-(U2-TX2-Pad7)">
      <node ref="U2" pin="7" pinfunction="TX2" pintype="output+no_connect"/>
    </net>
    <net code="72" name="unconnected-(U2-VN-Pad18)">
      <node ref="U2" pin="18" pinfunction="VN" pintype="bidirectional+no_connect"/>
    </net>
    <net code="73" name="unconnected-(U2-VP-Pad17)">
      <node ref="U2" pin="17" pinfunction="VP" pintype="bidirectional+no_connect"/>
    </net>
    <net code="74" name="unconnected-(U4-EnA-Pad6)">
      <node ref="U4" pin="6" pinfunction="EnA" pintype="input+no_connect"/>
    </net>
    <net code="75" name="unconnected-(U4-EnB-Pad11)">
      <node ref="U4" pin="11" pinfunction="EnB" pintype="input+no_connect"/>
    </net>
    <net code="76" name="unconnected-(U4-SENSE_A-Pad1)">
      <node ref="U4" pin="1" pinfunction="SENSE_A" pintype="power_in+no_connect"/>
    </net>
    <net code="77" name="unconnected-(U4-SENSE_B-Pad15)">
      <node ref="U4" pin="15" pinfunction="SENSE_B" pintype="power_in+no_connect"/>
    </net>
    <net code="78" name="unconnected-(U4-Vs-Pad4)">
      <node ref="U4" pin="4" pinfunction="Vs" pintype="power_in+no_connect"/>
    </net>
    <net code="79" name="unconnected-(U5-EnA-Pad6)">
      <node ref="U5" pin="6" pinfunction="EnA" pintype="input+no_connect"/>
    </net>
    <net code="80" name="unconnected-(U5-EnB-Pad11)">
      <node ref="U5" pin="11" pinfunction="EnB" pintype="input+no_connect"/>
    </net>
    <net code="81" name="unconnected-(U5-SENSE_A-Pad1)">
      <node ref="U5" pin="1" pinfunction="SENSE_A" pintype="power_in+no_connect"/>
    </net>
    <net code="82" name="unconnected-(U5-SENSE_B-Pad15)">
      <node ref="U5" pin="15" pinfunction="SENSE_B" pintype="power_in+no_connect"/>
    </net>
    <net code="83" name="unconnected-(U5-Vs-Pad4)">
      <node ref="U5" pin="4" pinfunction="Vs" pintype="power_in+no_connect"/>
    </net>
  </nets>
</export>
